"Target Entity (File / Screen / Table)","Task / Problem Description","Status"
"CropDetailDialog","Click word (Loam, Deep Dig, Balag) -> show popup with detail & sample images","Pending"
"CropDetailDialog","Shrink dialog to portrait width max 400dp (not wide landscape)","Pending"
"CropDetailDialog","Add visual soil cross-section diagram with 20-30cm digging depth guide","Pending"
"CropDetailDialog","Show variety traits (harvest days, yield, resistance) on selection","Pending"
"HomeScreen","Remove Weather API & PAGASA radar (system is guide-only)","Pending"
"HomeScreen","Remove all DA & DA-BPI agency logos & text (MapTanim independent)","Pending"
"HomeScreen","Show days-to-harvest countdown badge on active crop plots","Pending"
"HomeScreen","Sync banner: show count of new crops & varieties downloaded","Pending"
"EditScreen","Show visual plant spacing guide (cm furrow lines) when dragging crop","Pending"
"EditScreen","Allow picking variety before dropping crop on canvas","Pending"
"EditScreen","Show Tagalog warning banner if plot placement overlaps or exceeds bounds","Pending"
"EditScreen","Add quick Undo button when moving or deleting plots","Pending"
"ProfileScreen","Fix Remember Me checkbox on Login to save session","Pending"
"ProfileScreen","Fix Farm Switcher so switching farm updates canvas immediately","Pending"
"ProfileScreen","Add total farm harvest weight (kg) summary and market earnings","Pending"
"ProfileScreen","Add database cache clear button in Settings for offline reset","Pending"
"CropTray","Smooth vertical scrolling with click-before-drag","Done"
"CropTray","Enlarge crop thumbnail box to 46dp","Done"
"CropTray","Add category filter tabs (Gulay, Bungang-Ugat, Dahon)","Pending"
"CropTray","Show Tagalog name under English (e.g. Sitaw under String Beans)","Pending"
"TodaysTasksOverlay","Save completed task checkbox with timestamp to tasks table","Pending"
"TodaysTasksOverlay","Add subtitle banner: Dilig sa umaga, bunot ng damo, pataba","Pending"
"TodaysTasksOverlay","Filter tasks by plot when tapped from farm canvas pin","Pending"
"MonitoringDashboardOverlay","Calculate health score % from daily completed tasks","Pending"
"MonitoringDashboardOverlay","Add harvest prompt: enter kilograms harvested & calculate market profit","Pending"
"MonitoringDashboardOverlay","Open pest photo sample and biological remedy when pest alert tapped","Pending"
"crops","Add preferred_planting_method column (Direct Seeding, Plot Bed, Pot)","Pending"
"crops","Add soil_prep_tagalog & harvest_signs_tagalog text columns","Pending"
"crops","Add weeding_interval_days & plant_spacing_cm columns","Pending"
"crop_varieties","Create table in Supabase migration with crop_id, days_to_harvest, traits","Pending"
"crop_varieties","Migrate static local JSON files in assets/metadata/crops/*.json to table","Pending"
"crop_varieties","Sync varieties over-the-air to Room mobile database","Pending"
"plots","Add variety_id foreign key column to track specific cultivar planted","Pending"
"plots","Add planting_method column (Bed, Furrow, Container)","Pending"
"tasks","Add completed_at timestamp column to save farmer completion history","Pending"
"tasks","Add farm_id foreign key to isolate tasks per farm","Pending"
"pests","Create public.pests table in Supabase migration","Pending"
"pests","Add columns: symptoms_tagalog, organic_control, image_url","Pending"
"pests","Create Supabase Storage bucket pest-images for real photos","Pending"
"Sidebar","Change Library icon from Sprout to BookOpen","Pending"
"Sidebar","Change Community icon from BarChart2 to MessageSquare","Pending"
"Sidebar","Add direct navigation link for Varieties & Pest Management","Pending"
"CropLibrary","Add Variety Editor modal to create & update certified cultivars","Pending"
"CropLibrary","Add Tagalog text input fields for soil prep, watering & harvest signs","Pending"
"CropLibrary","Connect companion planting matrix selector to database rules","Pending"
"PestLibrary","Connect to live Supabase pests table (delete static mockData.ts)","Pending"
"PestLibrary","Add photo upload dropzone to upload directly to Supabase Storage","Pending"
"PestLibrary","Add organic natural repellent recipe fields (Neem oil, chili spray)","Pending"
