"Frame","Parent Component (Yellow)","Item Type","Implemented Feature Card (Green)","Status"
"Done","Mobile App","Mobile UI HUD","HomeScreen: Real-time Farm HUD, Active Plot Status & Weather-Free Advice","Done"
"Done","Mobile App","Interactive Canvas","FarmEditorScreen: 2D Isometric Grid, Tap-to-Plant & Drag Crop Tray","Done"
"Done","Mobile App","Agronomic Modal","CropDetailDialog: 6-Hakbang Agronomic Steps, Variety Engine & Why Science","Done"
"Done","Mobile App","Farmer Social","Community Forum: User-Authored Posts, Reaction Stream & Profile Activity","Done"
"Done","Mobile App","Local Storage","Auth & Preferences: Remember Me Persistence & Multi-Farm State Isolation","Done"
"Done","Core Engines","Spatial Math","2D Isometric Math: Diamond Tile Projection, Grid Snapping & Depth Z-Ordering","Done"
"Done","Core Engines","Vector Graphics","Compose Vector Badges: Dynamic Pins (Water, Fertilizer, Harvest, Weeding)","Done"
"Done","Core Engines","Biological Engine","Crop Variety Engine: Dynamic 5-Stage Growth Timeline & Certified Cultivars","Done"
"Done","Core Engines","Visual Education","Visual Agronomic Rulers: Bed/Furrow (20-30cm dig) & Trellis (1.5-2.0m)","Done"
"Done","Core Engines","Polyculture Logic","Companion Matrix: Synergistic & Antagonistic Plant Pairing Rules","Done"
"Done","Admin Web","Crop Registry","Crop Library: Canonical 15 Philippine Crops Management & Metadata Editing","Done"
"Done","Admin Web","Simulation","Mobile Live Preview: Viewport-Centered Modal & Dynamic Hakbang Simulation","Done"
"Done","Admin Web","Agronomic Config","Trellis & Planting Inputs: Configurable Trellis Type & Bed Preparation","Done"
"Done","Admin Web","Support CRM","Farmer Inquiries & Feedback: Real-time Ticket Resolution Dashboard","Done"
"Done","Admin Web","Media Hosting","Storage Pipeline: Direct WebP Asset Uploads to Supabase Object Storage","Done"
"Done","Monitoring & Tasks","Field Analytics","Operational Monitoring: Plot Lifecycle Stage 1-5 & Health Score (%)","Done"
"Done","Monitoring & Tasks","Daily Operations","Today's Tasks: Daily Farmer Action Checklist (Dilig, Damo, Pataba, Balag)","Done"
"Done","Monitoring & Tasks","Architecture","Separation of Concerns: Action Checklist vs Health Tracking Navigation","Done"
"Done","Monitoring & Tasks","Yield Tracking","Post-Harvest Records: Crop Cycle Archiving & Yield Logging Foundation","Done"
"Done","Monitoring & Tasks","Deterministic DSS","Zero AI & Zero IoT: 100% Deterministic Empirical Agronomic Science","Done"
"Done","Database & Cloud","Mobile Cache","Local Room DB (SQLite): Offline-First DAO with Transactional Rollback","Done"
"Done","Database & Cloud","Relational Backend","Supabase PostgreSQL: Relational Schema (crops, varieties, pests, plots)","Done"
"Done","Database & Cloud","Security","Row-Level Security (RLS): Multi-Tenant Authentication & Session Guard","Done"
"Done","Database & Cloud","Schema Migration","Migration 021: task_type_enum, crop_rotation_log & practical agronomy","Done"
"Done","Database & Cloud","Privacy & Decoupling","Privacy-First Decoupled: Zero GPS Tracking & Zero External Weather APIs","Done"
